"","Trap_index","x","y"
"1",1,488987.787215289,5633760.46939679
"2",2,489987.787215289,5633760.46939679
"3",3,490987.787215289,5633760.46939679
"4",4,491987.787215289,5633760.46939679
"5",5,492987.787215289,5633760.46939679
"6",6,493987.787215289,5633760.46939679
"7",7,494987.787215289,5633760.46939679
"8",8,495987.787215289,5633760.46939679
"9",9,496987.787215289,5633760.46939679
"10",10,497987.787215289,5633760.46939679
"11",11,498987.787215289,5633760.46939679
"12",12,499987.787215289,5633760.46939679
"13",13,500987.787215289,5633760.46939679
"14",14,501987.787215289,5633760.46939679
"15",15,502987.787215289,5633760.46939679
"16",16,503987.787215289,5633760.46939679
"17",17,504987.787215289,5633760.46939679
"18",18,505987.787215289,5633760.46939679
"19",19,506987.787215289,5633760.46939679
"20",20,507987.787215289,5633760.46939679
"21",21,508987.787215289,5633760.46939679
"22",22,509987.787215289,5633760.46939679
"23",23,510987.787215289,5633760.46939679
"24",24,511987.787215289,5633760.46939679
"25",25,512987.787215289,5633760.46939679
"26",26,513987.787215289,5633760.46939679
"27",27,514987.787215289,5633760.46939679
"28",28,515987.787215289,5633760.46939679
"29",29,516987.787215289,5633760.46939679
"30",30,517987.787215289,5633760.46939679
"31",31,518987.787215289,5633760.46939679
"32",32,519987.787215289,5633760.46939679
"33",33,520987.787215289,5633760.46939679
"34",34,521987.787215289,5633760.46939679
"35",35,522987.787215289,5633760.46939679
"36",36,488987.787215289,5634760.46939679
"37",37,489987.787215289,5634760.46939679
"38",38,490987.787215289,5634760.46939679
"39",39,491987.787215289,5634760.46939679
"40",40,492987.787215289,5634760.46939679
"41",41,493987.787215289,5634760.46939679
"42",42,494987.787215289,5634760.46939679
"43",43,495987.787215289,5634760.46939679
"44",44,496987.787215289,5634760.46939679
"45",45,497987.787215289,5634760.46939679
"46",46,498987.787215289,5634760.46939679
"47",47,499987.787215289,5634760.46939679
"48",48,500987.787215289,5634760.46939679
"49",49,501987.787215289,5634760.46939679
"50",50,502987.787215289,5634760.46939679
"51",51,503987.787215289,5634760.46939679
"52",52,504987.787215289,5634760.46939679
"53",53,505987.787215289,5634760.46939679
"54",54,506987.787215289,5634760.46939679
"55",55,507987.787215289,5634760.46939679
"56",56,508987.787215289,5634760.46939679
"57",57,509987.787215289,5634760.46939679
"58",58,510987.787215289,5634760.46939679
"59",59,511987.787215289,5634760.46939679
"60",60,512987.787215289,5634760.46939679
"61",61,513987.787215289,5634760.46939679
"62",62,514987.787215289,5634760.46939679
"63",63,515987.787215289,5634760.46939679
"64",64,516987.787215289,5634760.46939679
"65",65,517987.787215289,5634760.46939679
"66",66,518987.787215289,5634760.46939679
"67",67,519987.787215289,5634760.46939679
"68",68,520987.787215289,5634760.46939679
"69",69,521987.787215289,5634760.46939679
"70",70,522987.787215289,5634760.46939679
"71",71,488987.787215289,5635760.46939679
"72",72,489987.787215289,5635760.46939679
"73",73,490987.787215289,5635760.46939679
"74",74,491987.787215289,5635760.46939679
"75",75,492987.787215289,5635760.46939679
"76",76,493987.787215289,5635760.46939679
"77",77,494987.787215289,5635760.46939679
"78",78,495987.787215289,5635760.46939679
"79",79,496987.787215289,5635760.46939679
"80",80,497987.787215289,5635760.46939679
"81",81,498987.787215289,5635760.46939679
"82",82,499987.787215289,5635760.46939679
"83",83,500987.787215289,5635760.46939679
"84",84,501987.787215289,5635760.46939679
"85",85,502987.787215289,5635760.46939679
"86",86,503987.787215289,5635760.46939679
"87",87,504987.787215289,5635760.46939679
"88",88,505987.787215289,5635760.46939679
"89",89,506987.787215289,5635760.46939679
"90",90,507987.787215289,5635760.46939679
"91",91,508987.787215289,5635760.46939679
"92",92,509987.787215289,5635760.46939679
"93",93,510987.787215289,5635760.46939679
"94",94,511987.787215289,5635760.46939679
"95",95,512987.787215289,5635760.46939679
"96",96,513987.787215289,5635760.46939679
"97",97,514987.787215289,5635760.46939679
"98",98,515987.787215289,5635760.46939679
"99",99,516987.787215289,5635760.46939679
"100",100,517987.787215289,5635760.46939679
"101",101,518987.787215289,5635760.46939679
"102",102,519987.787215289,5635760.46939679
"103",103,520987.787215289,5635760.46939679
"104",104,521987.787215289,5635760.46939679
"105",105,522987.787215289,5635760.46939679
"106",106,488987.787215289,5636760.46939679
"107",107,489987.787215289,5636760.46939679
"108",108,490987.787215289,5636760.46939679
"109",109,491987.787215289,5636760.46939679
"110",110,492987.787215289,5636760.46939679
"111",111,493987.787215289,5636760.46939679
"112",112,494987.787215289,5636760.46939679
"113",113,495987.787215289,5636760.46939679
"114",114,496987.787215289,5636760.46939679
"115",115,497987.787215289,5636760.46939679
"116",116,498987.787215289,5636760.46939679
"117",117,499987.787215289,5636760.46939679
"118",118,500987.787215289,5636760.46939679
"119",119,501987.787215289,5636760.46939679
"120",120,502987.787215289,5636760.46939679
"121",121,503987.787215289,5636760.46939679
"122",122,504987.787215289,5636760.46939679
"123",123,505987.787215289,5636760.46939679
"124",124,506987.787215289,5636760.46939679
"125",125,507987.787215289,5636760.46939679
"126",126,508987.787215289,5636760.46939679
"127",127,509987.787215289,5636760.46939679
"128",128,510987.787215289,5636760.46939679
"129",129,511987.787215289,5636760.46939679
"130",130,512987.787215289,5636760.46939679
"131",131,513987.787215289,5636760.46939679
"132",132,514987.787215289,5636760.46939679
"133",133,515987.787215289,5636760.46939679
"134",134,516987.787215289,5636760.46939679
"135",135,517987.787215289,5636760.46939679
"136",136,518987.787215289,5636760.46939679
"137",137,519987.787215289,5636760.46939679
"138",138,520987.787215289,5636760.46939679
"139",139,521987.787215289,5636760.46939679
"140",140,522987.787215289,5636760.46939679
"141",141,488987.787215289,5637760.46939679
"142",142,489987.787215289,5637760.46939679
"143",143,490987.787215289,5637760.46939679
"144",144,491987.787215289,5637760.46939679
"145",145,492987.787215289,5637760.46939679
"146",146,493987.787215289,5637760.46939679
"147",147,494987.787215289,5637760.46939679
"148",148,495987.787215289,5637760.46939679
"149",149,496987.787215289,5637760.46939679
"150",150,497987.787215289,5637760.46939679
"151",151,498987.787215289,5637760.46939679
"152",152,499987.787215289,5637760.46939679
"153",153,500987.787215289,5637760.46939679
"154",154,501987.787215289,5637760.46939679
"155",155,502987.787215289,5637760.46939679
"156",156,503987.787215289,5637760.46939679
"157",157,504987.787215289,5637760.46939679
"158",158,505987.787215289,5637760.46939679
"159",159,506987.787215289,5637760.46939679
"160",160,507987.787215289,5637760.46939679
"161",161,508987.787215289,5637760.46939679
"162",162,509987.787215289,5637760.46939679
"163",163,510987.787215289,5637760.46939679
"164",164,511987.787215289,5637760.46939679
"165",165,512987.787215289,5637760.46939679
"166",166,513987.787215289,5637760.46939679
"167",167,514987.787215289,5637760.46939679
"168",168,515987.787215289,5637760.46939679
"169",169,516987.787215289,5637760.46939679
"170",170,517987.787215289,5637760.46939679
"171",171,518987.787215289,5637760.46939679
"172",172,519987.787215289,5637760.46939679
"173",173,520987.787215289,5637760.46939679
"174",174,521987.787215289,5637760.46939679
"175",175,522987.787215289,5637760.46939679
"176",176,488987.787215289,5638760.46939679
"177",177,489987.787215289,5638760.46939679
"178",178,490987.787215289,5638760.46939679
"179",179,491987.787215289,5638760.46939679
"180",180,492987.787215289,5638760.46939679
"181",181,493987.787215289,5638760.46939679
"182",182,494987.787215289,5638760.46939679
"183",183,495987.787215289,5638760.46939679
"184",184,496987.787215289,5638760.46939679
"185",185,497987.787215289,5638760.46939679
"186",186,498987.787215289,5638760.46939679
"187",187,499987.787215289,5638760.46939679
"188",188,500987.787215289,5638760.46939679
"189",189,501987.787215289,5638760.46939679
"190",190,502987.787215289,5638760.46939679
"191",191,503987.787215289,5638760.46939679
"192",192,504987.787215289,5638760.46939679
"193",193,505987.787215289,5638760.46939679
"194",194,506987.787215289,5638760.46939679
"195",195,507987.787215289,5638760.46939679
"196",196,508987.787215289,5638760.46939679
"197",197,509987.787215289,5638760.46939679
"198",198,510987.787215289,5638760.46939679
"199",199,511987.787215289,5638760.46939679
"200",200,512987.787215289,5638760.46939679
"201",201,513987.787215289,5638760.46939679
"202",202,514987.787215289,5638760.46939679
"203",203,515987.787215289,5638760.46939679
"204",204,516987.787215289,5638760.46939679
"205",205,517987.787215289,5638760.46939679
"206",206,518987.787215289,5638760.46939679
"207",207,519987.787215289,5638760.46939679
"208",208,520987.787215289,5638760.46939679
"209",209,521987.787215289,5638760.46939679
"210",210,522987.787215289,5638760.46939679
"211",211,488987.787215289,5639760.46939679
"212",212,489987.787215289,5639760.46939679
"213",213,490987.787215289,5639760.46939679
"214",214,491987.787215289,5639760.46939679
"215",215,492987.787215289,5639760.46939679
"216",216,493987.787215289,5639760.46939679
"217",217,494987.787215289,5639760.46939679
"218",218,495987.787215289,5639760.46939679
"219",219,496987.787215289,5639760.46939679
"220",220,497987.787215289,5639760.46939679
"221",221,498987.787215289,5639760.46939679
"222",222,499987.787215289,5639760.46939679
"223",223,500987.787215289,5639760.46939679
"224",224,501987.787215289,5639760.46939679
"225",225,502987.787215289,5639760.46939679
"226",226,503987.787215289,5639760.46939679
"227",227,504987.787215289,5639760.46939679
"228",228,505987.787215289,5639760.46939679
"229",229,506987.787215289,5639760.46939679
"230",230,507987.787215289,5639760.46939679
"231",231,508987.787215289,5639760.46939679
"232",232,509987.787215289,5639760.46939679
"233",233,510987.787215289,5639760.46939679
"234",234,511987.787215289,5639760.46939679
"235",235,512987.787215289,5639760.46939679
"236",236,513987.787215289,5639760.46939679
"237",237,514987.787215289,5639760.46939679
"238",238,515987.787215289,5639760.46939679
"239",239,516987.787215289,5639760.46939679
"240",240,517987.787215289,5639760.46939679
"241",241,518987.787215289,5639760.46939679
"242",242,519987.787215289,5639760.46939679
"243",243,520987.787215289,5639760.46939679
"244",244,521987.787215289,5639760.46939679
"245",245,522987.787215289,5639760.46939679
"246",246,488987.787215289,5640760.46939679
"247",247,489987.787215289,5640760.46939679
"248",248,490987.787215289,5640760.46939679
"249",249,491987.787215289,5640760.46939679
"250",250,492987.787215289,5640760.46939679
"251",251,493987.787215289,5640760.46939679
"252",252,494987.787215289,5640760.46939679
"253",253,495987.787215289,5640760.46939679
"254",254,496987.787215289,5640760.46939679
"255",255,497987.787215289,5640760.46939679
"256",256,498987.787215289,5640760.46939679
"257",257,499987.787215289,5640760.46939679
"258",258,500987.787215289,5640760.46939679
"259",259,501987.787215289,5640760.46939679
"260",260,502987.787215289,5640760.46939679
"261",261,503987.787215289,5640760.46939679
"262",262,504987.787215289,5640760.46939679
"263",263,505987.787215289,5640760.46939679
"264",264,506987.787215289,5640760.46939679
"265",265,507987.787215289,5640760.46939679
"266",266,508987.787215289,5640760.46939679
"267",267,509987.787215289,5640760.46939679
"268",268,510987.787215289,5640760.46939679
"269",269,511987.787215289,5640760.46939679
"270",270,512987.787215289,5640760.46939679
"271",271,513987.787215289,5640760.46939679
"272",272,514987.787215289,5640760.46939679
"273",273,515987.787215289,5640760.46939679
"274",274,516987.787215289,5640760.46939679
"275",275,517987.787215289,5640760.46939679
"276",276,518987.787215289,5640760.46939679
"277",277,519987.787215289,5640760.46939679
"278",278,520987.787215289,5640760.46939679
"279",279,521987.787215289,5640760.46939679
"280",280,522987.787215289,5640760.46939679
"281",281,488987.787215289,5641760.46939679
"282",282,489987.787215289,5641760.46939679
"283",283,490987.787215289,5641760.46939679
"284",284,491987.787215289,5641760.46939679
"285",285,492987.787215289,5641760.46939679
"286",286,493987.787215289,5641760.46939679
"287",287,494987.787215289,5641760.46939679
"288",288,495987.787215289,5641760.46939679
"289",289,496987.787215289,5641760.46939679
"290",290,497987.787215289,5641760.46939679
"291",291,498987.787215289,5641760.46939679
"292",292,499987.787215289,5641760.46939679
"293",293,500987.787215289,5641760.46939679
"294",294,501987.787215289,5641760.46939679
"295",295,502987.787215289,5641760.46939679
"296",296,503987.787215289,5641760.46939679
"297",297,504987.787215289,5641760.46939679
"298",298,505987.787215289,5641760.46939679
"299",299,506987.787215289,5641760.46939679
"300",300,507987.787215289,5641760.46939679
"301",301,508987.787215289,5641760.46939679
"302",302,509987.787215289,5641760.46939679
"303",303,510987.787215289,5641760.46939679
"304",304,511987.787215289,5641760.46939679
"305",305,512987.787215289,5641760.46939679
"306",306,513987.787215289,5641760.46939679
"307",307,514987.787215289,5641760.46939679
"308",308,515987.787215289,5641760.46939679
"309",309,516987.787215289,5641760.46939679
"310",310,517987.787215289,5641760.46939679
"311",311,518987.787215289,5641760.46939679
"312",312,519987.787215289,5641760.46939679
"313",313,520987.787215289,5641760.46939679
"314",314,521987.787215289,5641760.46939679
"315",315,522987.787215289,5641760.46939679
"316",316,488987.787215289,5642760.46939679
"317",317,489987.787215289,5642760.46939679
"318",318,490987.787215289,5642760.46939679
"319",319,491987.787215289,5642760.46939679
"320",320,492987.787215289,5642760.46939679
"321",321,493987.787215289,5642760.46939679
"322",322,494987.787215289,5642760.46939679
"323",323,495987.787215289,5642760.46939679
"324",324,496987.787215289,5642760.46939679
"325",325,497987.787215289,5642760.46939679
"326",326,498987.787215289,5642760.46939679
"327",327,499987.787215289,5642760.46939679
"328",328,500987.787215289,5642760.46939679
"329",329,501987.787215289,5642760.46939679
"330",330,502987.787215289,5642760.46939679
"331",331,503987.787215289,5642760.46939679
"332",332,504987.787215289,5642760.46939679
"333",333,505987.787215289,5642760.46939679
"334",334,506987.787215289,5642760.46939679
"335",335,507987.787215289,5642760.46939679
"336",336,508987.787215289,5642760.46939679
"337",337,509987.787215289,5642760.46939679
"338",338,510987.787215289,5642760.46939679
"339",339,511987.787215289,5642760.46939679
"340",340,512987.787215289,5642760.46939679
"341",341,513987.787215289,5642760.46939679
"342",342,514987.787215289,5642760.46939679
"343",343,515987.787215289,5642760.46939679
"344",344,516987.787215289,5642760.46939679
"345",345,517987.787215289,5642760.46939679
"346",346,518987.787215289,5642760.46939679
"347",347,519987.787215289,5642760.46939679
"348",348,520987.787215289,5642760.46939679
"349",349,521987.787215289,5642760.46939679
"350",350,522987.787215289,5642760.46939679
"351",351,488987.787215289,5643760.46939679
"352",352,489987.787215289,5643760.46939679
"353",353,490987.787215289,5643760.46939679
"354",354,491987.787215289,5643760.46939679
"355",355,492987.787215289,5643760.46939679
"356",356,493987.787215289,5643760.46939679
"357",357,494987.787215289,5643760.46939679
"358",358,495987.787215289,5643760.46939679
"359",359,496987.787215289,5643760.46939679
"360",360,497987.787215289,5643760.46939679
"361",361,498987.787215289,5643760.46939679
"362",362,499987.787215289,5643760.46939679
"363",363,500987.787215289,5643760.46939679
"364",364,501987.787215289,5643760.46939679
"365",365,502987.787215289,5643760.46939679
"366",366,503987.787215289,5643760.46939679
"367",367,504987.787215289,5643760.46939679
"368",368,505987.787215289,5643760.46939679
"369",369,506987.787215289,5643760.46939679
"370",370,507987.787215289,5643760.46939679
"371",371,508987.787215289,5643760.46939679
"372",372,509987.787215289,5643760.46939679
"373",373,510987.787215289,5643760.46939679
"374",374,511987.787215289,5643760.46939679
"375",375,512987.787215289,5643760.46939679
"376",376,513987.787215289,5643760.46939679
"377",377,514987.787215289,5643760.46939679
"378",378,515987.787215289,5643760.46939679
"379",379,516987.787215289,5643760.46939679
"380",380,517987.787215289,5643760.46939679
"381",381,518987.787215289,5643760.46939679
"382",382,519987.787215289,5643760.46939679
"383",383,520987.787215289,5643760.46939679
"384",384,521987.787215289,5643760.46939679
"385",385,522987.787215289,5643760.46939679
"386",386,488987.787215289,5644760.46939679
"387",387,489987.787215289,5644760.46939679
"388",388,490987.787215289,5644760.46939679
"389",389,491987.787215289,5644760.46939679
"390",390,492987.787215289,5644760.46939679
"391",391,493987.787215289,5644760.46939679
"392",392,494987.787215289,5644760.46939679
"393",393,495987.787215289,5644760.46939679
"394",394,496987.787215289,5644760.46939679
"395",395,497987.787215289,5644760.46939679
"396",396,498987.787215289,5644760.46939679
"397",397,499987.787215289,5644760.46939679
"398",398,500987.787215289,5644760.46939679
"399",399,501987.787215289,5644760.46939679
"400",400,502987.787215289,5644760.46939679
"401",401,503987.787215289,5644760.46939679
"402",402,504987.787215289,5644760.46939679
"403",403,505987.787215289,5644760.46939679
"404",404,506987.787215289,5644760.46939679
"405",405,507987.787215289,5644760.46939679
"406",406,508987.787215289,5644760.46939679
"407",407,509987.787215289,5644760.46939679
"408",408,510987.787215289,5644760.46939679
"409",409,511987.787215289,5644760.46939679
"410",410,512987.787215289,5644760.46939679
"411",411,513987.787215289,5644760.46939679
"412",412,514987.787215289,5644760.46939679
"413",413,515987.787215289,5644760.46939679
"414",414,516987.787215289,5644760.46939679
"415",415,517987.787215289,5644760.46939679
"416",416,518987.787215289,5644760.46939679
"417",417,519987.787215289,5644760.46939679
"418",418,520987.787215289,5644760.46939679
"419",419,521987.787215289,5644760.46939679
"420",420,522987.787215289,5644760.46939679
"421",421,488987.787215289,5645760.46939679
"422",422,489987.787215289,5645760.46939679
"423",423,490987.787215289,5645760.46939679
"424",424,491987.787215289,5645760.46939679
"425",425,492987.787215289,5645760.46939679
"426",426,493987.787215289,5645760.46939679
"427",427,494987.787215289,5645760.46939679
"428",428,495987.787215289,5645760.46939679
"429",429,496987.787215289,5645760.46939679
"430",430,497987.787215289,5645760.46939679
"431",431,498987.787215289,5645760.46939679
"432",432,499987.787215289,5645760.46939679
"433",433,500987.787215289,5645760.46939679
"434",434,501987.787215289,5645760.46939679
"435",435,502987.787215289,5645760.46939679
"436",436,503987.787215289,5645760.46939679
"437",437,504987.787215289,5645760.46939679
"438",438,505987.787215289,5645760.46939679
"439",439,506987.787215289,5645760.46939679
"440",440,507987.787215289,5645760.46939679
"441",441,508987.787215289,5645760.46939679
"442",442,509987.787215289,5645760.46939679
"443",443,510987.787215289,5645760.46939679
"444",444,511987.787215289,5645760.46939679
"445",445,512987.787215289,5645760.46939679
"446",446,513987.787215289,5645760.46939679
"447",447,514987.787215289,5645760.46939679
"448",448,515987.787215289,5645760.46939679
"449",449,516987.787215289,5645760.46939679
"450",450,517987.787215289,5645760.46939679
"451",451,518987.787215289,5645760.46939679
"452",452,519987.787215289,5645760.46939679
"453",453,520987.787215289,5645760.46939679
"454",454,521987.787215289,5645760.46939679
"455",455,522987.787215289,5645760.46939679
"456",456,488987.787215289,5646760.46939679
"457",457,489987.787215289,5646760.46939679
"458",458,490987.787215289,5646760.46939679
"459",459,491987.787215289,5646760.46939679
"460",460,492987.787215289,5646760.46939679
"461",461,493987.787215289,5646760.46939679
"462",462,494987.787215289,5646760.46939679
"463",463,495987.787215289,5646760.46939679
"464",464,496987.787215289,5646760.46939679
"465",465,497987.787215289,5646760.46939679
"466",466,498987.787215289,5646760.46939679
"467",467,499987.787215289,5646760.46939679
"468",468,500987.787215289,5646760.46939679
"469",469,501987.787215289,5646760.46939679
"470",470,502987.787215289,5646760.46939679
"471",471,503987.787215289,5646760.46939679
"472",472,504987.787215289,5646760.46939679
"473",473,505987.787215289,5646760.46939679
"474",474,506987.787215289,5646760.46939679
"475",475,507987.787215289,5646760.46939679
"476",476,508987.787215289,5646760.46939679
"477",477,509987.787215289,5646760.46939679
"478",478,510987.787215289,5646760.46939679
"479",479,511987.787215289,5646760.46939679
"480",480,512987.787215289,5646760.46939679
"481",481,513987.787215289,5646760.46939679
"482",482,514987.787215289,5646760.46939679
"483",483,515987.787215289,5646760.46939679
"484",484,516987.787215289,5646760.46939679
"485",485,517987.787215289,5646760.46939679
"486",486,518987.787215289,5646760.46939679
"487",487,519987.787215289,5646760.46939679
"488",488,520987.787215289,5646760.46939679
"489",489,521987.787215289,5646760.46939679
"490",490,522987.787215289,5646760.46939679
"491",491,488987.787215289,5647760.46939679
"492",492,489987.787215289,5647760.46939679
"493",493,490987.787215289,5647760.46939679
"494",494,491987.787215289,5647760.46939679
"495",495,492987.787215289,5647760.46939679
"496",496,493987.787215289,5647760.46939679
"497",497,494987.787215289,5647760.46939679
"498",498,495987.787215289,5647760.46939679
"499",499,496987.787215289,5647760.46939679
"500",500,497987.787215289,5647760.46939679
"501",501,498987.787215289,5647760.46939679
"502",502,499987.787215289,5647760.46939679
"503",503,500987.787215289,5647760.46939679
"504",504,501987.787215289,5647760.46939679
"505",505,502987.787215289,5647760.46939679
"506",506,503987.787215289,5647760.46939679
"507",507,504987.787215289,5647760.46939679
"508",508,505987.787215289,5647760.46939679
"509",509,506987.787215289,5647760.46939679
"510",510,507987.787215289,5647760.46939679
"511",511,508987.787215289,5647760.46939679
"512",512,509987.787215289,5647760.46939679
"513",513,510987.787215289,5647760.46939679
"514",514,511987.787215289,5647760.46939679
"515",515,512987.787215289,5647760.46939679
"516",516,513987.787215289,5647760.46939679
"517",517,514987.787215289,5647760.46939679
"518",518,515987.787215289,5647760.46939679
"519",519,516987.787215289,5647760.46939679
"520",520,517987.787215289,5647760.46939679
"521",521,518987.787215289,5647760.46939679
"522",522,519987.787215289,5647760.46939679
"523",523,520987.787215289,5647760.46939679
"524",524,521987.787215289,5647760.46939679
"525",525,522987.787215289,5647760.46939679
"526",526,488987.787215289,5648760.46939679
"527",527,489987.787215289,5648760.46939679
"528",528,490987.787215289,5648760.46939679
"529",529,491987.787215289,5648760.46939679
"530",530,492987.787215289,5648760.46939679
"531",531,493987.787215289,5648760.46939679
"532",532,494987.787215289,5648760.46939679
"533",533,495987.787215289,5648760.46939679
"534",534,496987.787215289,5648760.46939679
"535",535,497987.787215289,5648760.46939679
"536",536,498987.787215289,5648760.46939679
"537",537,499987.787215289,5648760.46939679
"538",538,500987.787215289,5648760.46939679
"539",539,501987.787215289,5648760.46939679
"540",540,502987.787215289,5648760.46939679
"541",541,503987.787215289,5648760.46939679
"542",542,504987.787215289,5648760.46939679
"543",543,505987.787215289,5648760.46939679
"544",544,506987.787215289,5648760.46939679
"545",545,507987.787215289,5648760.46939679
"546",546,508987.787215289,5648760.46939679
"547",547,509987.787215289,5648760.46939679
"548",548,510987.787215289,5648760.46939679
"549",549,511987.787215289,5648760.46939679
"550",550,512987.787215289,5648760.46939679
"551",551,513987.787215289,5648760.46939679
"552",552,514987.787215289,5648760.46939679
"553",553,515987.787215289,5648760.46939679
"554",554,516987.787215289,5648760.46939679
"555",555,517987.787215289,5648760.46939679
"556",556,518987.787215289,5648760.46939679
"557",557,519987.787215289,5648760.46939679
"558",558,520987.787215289,5648760.46939679
"559",559,521987.787215289,5648760.46939679
"560",560,522987.787215289,5648760.46939679
"561",561,488987.787215289,5649760.46939679
"562",562,489987.787215289,5649760.46939679
"563",563,490987.787215289,5649760.46939679
"564",564,491987.787215289,5649760.46939679
"565",565,492987.787215289,5649760.46939679
"566",566,493987.787215289,5649760.46939679
"567",567,494987.787215289,5649760.46939679
"568",568,495987.787215289,5649760.46939679
"569",569,496987.787215289,5649760.46939679
"570",570,497987.787215289,5649760.46939679
"571",571,498987.787215289,5649760.46939679
"572",572,499987.787215289,5649760.46939679
"573",573,500987.787215289,5649760.46939679
"574",574,501987.787215289,5649760.46939679
"575",575,502987.787215289,5649760.46939679
"576",576,503987.787215289,5649760.46939679
"577",577,504987.787215289,5649760.46939679
"578",578,505987.787215289,5649760.46939679
"579",579,506987.787215289,5649760.46939679
"580",580,507987.787215289,5649760.46939679
"581",581,508987.787215289,5649760.46939679
"582",582,509987.787215289,5649760.46939679
"583",583,510987.787215289,5649760.46939679
"584",584,511987.787215289,5649760.46939679
"585",585,512987.787215289,5649760.46939679
"586",586,513987.787215289,5649760.46939679
"587",587,514987.787215289,5649760.46939679
"588",588,515987.787215289,5649760.46939679
"589",589,516987.787215289,5649760.46939679
"590",590,517987.787215289,5649760.46939679
"591",591,518987.787215289,5649760.46939679
"592",592,519987.787215289,5649760.46939679
"593",593,520987.787215289,5649760.46939679
"594",594,521987.787215289,5649760.46939679
"595",595,522987.787215289,5649760.46939679
"596",596,488987.787215289,5650760.46939679
"597",597,489987.787215289,5650760.46939679
"598",598,490987.787215289,5650760.46939679
"599",599,491987.787215289,5650760.46939679
"600",600,492987.787215289,5650760.46939679
"601",601,493987.787215289,5650760.46939679
"602",602,494987.787215289,5650760.46939679
"603",603,495987.787215289,5650760.46939679
"604",604,496987.787215289,5650760.46939679
"605",605,497987.787215289,5650760.46939679
"606",606,498987.787215289,5650760.46939679
"607",607,499987.787215289,5650760.46939679
"608",608,500987.787215289,5650760.46939679
"609",609,501987.787215289,5650760.46939679
"610",610,502987.787215289,5650760.46939679
"611",611,503987.787215289,5650760.46939679
"612",612,504987.787215289,5650760.46939679
"613",613,505987.787215289,5650760.46939679
"614",614,506987.787215289,5650760.46939679
"615",615,507987.787215289,5650760.46939679
"616",616,508987.787215289,5650760.46939679
"617",617,509987.787215289,5650760.46939679
"618",618,510987.787215289,5650760.46939679
"619",619,511987.787215289,5650760.46939679
"620",620,512987.787215289,5650760.46939679
"621",621,513987.787215289,5650760.46939679
"622",622,514987.787215289,5650760.46939679
"623",623,515987.787215289,5650760.46939679
"624",624,516987.787215289,5650760.46939679
"625",625,517987.787215289,5650760.46939679
"626",626,518987.787215289,5650760.46939679
"627",627,519987.787215289,5650760.46939679
"628",628,520987.787215289,5650760.46939679
"629",629,521987.787215289,5650760.46939679
"630",630,522987.787215289,5650760.46939679
"631",631,488987.787215289,5651760.46939679
"632",632,489987.787215289,5651760.46939679
"633",633,490987.787215289,5651760.46939679
"634",634,491987.787215289,5651760.46939679
"635",635,492987.787215289,5651760.46939679
"636",636,493987.787215289,5651760.46939679
"637",637,494987.787215289,5651760.46939679
"638",638,495987.787215289,5651760.46939679
"639",639,496987.787215289,5651760.46939679
"640",640,497987.787215289,5651760.46939679
"641",641,498987.787215289,5651760.46939679
"642",642,499987.787215289,5651760.46939679
"643",643,500987.787215289,5651760.46939679
"644",644,501987.787215289,5651760.46939679
"645",645,502987.787215289,5651760.46939679
"646",646,503987.787215289,5651760.46939679
"647",647,504987.787215289,5651760.46939679
"648",648,505987.787215289,5651760.46939679
"649",649,506987.787215289,5651760.46939679
"650",650,507987.787215289,5651760.46939679
"651",651,508987.787215289,5651760.46939679
"652",652,509987.787215289,5651760.46939679
"653",653,510987.787215289,5651760.46939679
"654",654,511987.787215289,5651760.46939679
"655",655,512987.787215289,5651760.46939679
"656",656,513987.787215289,5651760.46939679
"657",657,514987.787215289,5651760.46939679
"658",658,515987.787215289,5651760.46939679
"659",659,516987.787215289,5651760.46939679
"660",660,517987.787215289,5651760.46939679
"661",661,518987.787215289,5651760.46939679
"662",662,519987.787215289,5651760.46939679
"663",663,520987.787215289,5651760.46939679
"664",664,521987.787215289,5651760.46939679
"665",665,522987.787215289,5651760.46939679
"666",666,488987.787215289,5652760.46939679
"667",667,489987.787215289,5652760.46939679
"668",668,490987.787215289,5652760.46939679
"669",669,491987.787215289,5652760.46939679
"670",670,492987.787215289,5652760.46939679
"671",671,493987.787215289,5652760.46939679
"672",672,494987.787215289,5652760.46939679
"673",673,495987.787215289,5652760.46939679
"674",674,496987.787215289,5652760.46939679
"675",675,497987.787215289,5652760.46939679
"676",676,498987.787215289,5652760.46939679
"677",677,499987.787215289,5652760.46939679
"678",678,500987.787215289,5652760.46939679
"679",679,501987.787215289,5652760.46939679
"680",680,502987.787215289,5652760.46939679
"681",681,503987.787215289,5652760.46939679
"682",682,504987.787215289,5652760.46939679
"683",683,505987.787215289,5652760.46939679
"684",684,506987.787215289,5652760.46939679
"685",685,507987.787215289,5652760.46939679
"686",686,508987.787215289,5652760.46939679
"687",687,509987.787215289,5652760.46939679
"688",688,510987.787215289,5652760.46939679
"689",689,511987.787215289,5652760.46939679
"690",690,512987.787215289,5652760.46939679
"691",691,513987.787215289,5652760.46939679
"692",692,514987.787215289,5652760.46939679
"693",693,515987.787215289,5652760.46939679
"694",694,516987.787215289,5652760.46939679
"695",695,517987.787215289,5652760.46939679
"696",696,518987.787215289,5652760.46939679
"697",697,519987.787215289,5652760.46939679
"698",698,520987.787215289,5652760.46939679
"699",699,521987.787215289,5652760.46939679
"700",700,522987.787215289,5652760.46939679
"701",701,488987.787215289,5653760.46939679
"702",702,489987.787215289,5653760.46939679
"703",703,490987.787215289,5653760.46939679
"704",704,491987.787215289,5653760.46939679
"705",705,492987.787215289,5653760.46939679
"706",706,493987.787215289,5653760.46939679
"707",707,494987.787215289,5653760.46939679
"708",708,495987.787215289,5653760.46939679
"709",709,496987.787215289,5653760.46939679
"710",710,497987.787215289,5653760.46939679
"711",711,498987.787215289,5653760.46939679
"712",712,499987.787215289,5653760.46939679
"713",713,500987.787215289,5653760.46939679
"714",714,501987.787215289,5653760.46939679
"715",715,502987.787215289,5653760.46939679
"716",716,503987.787215289,5653760.46939679
"717",717,504987.787215289,5653760.46939679
"718",718,505987.787215289,5653760.46939679
"719",719,506987.787215289,5653760.46939679
"720",720,507987.787215289,5653760.46939679
"721",721,508987.787215289,5653760.46939679
"722",722,509987.787215289,5653760.46939679
"723",723,510987.787215289,5653760.46939679
"724",724,511987.787215289,5653760.46939679
"725",725,512987.787215289,5653760.46939679
"726",726,513987.787215289,5653760.46939679
"727",727,514987.787215289,5653760.46939679
"728",728,515987.787215289,5653760.46939679
"729",729,516987.787215289,5653760.46939679
"730",730,517987.787215289,5653760.46939679
"731",731,518987.787215289,5653760.46939679
"732",732,519987.787215289,5653760.46939679
"733",733,520987.787215289,5653760.46939679
"734",734,521987.787215289,5653760.46939679
"735",735,522987.787215289,5653760.46939679
"736",736,488987.787215289,5654760.46939679
"737",737,489987.787215289,5654760.46939679
"738",738,490987.787215289,5654760.46939679
"739",739,491987.787215289,5654760.46939679
"740",740,492987.787215289,5654760.46939679
"741",741,493987.787215289,5654760.46939679
"742",742,494987.787215289,5654760.46939679
"743",743,495987.787215289,5654760.46939679
"744",744,496987.787215289,5654760.46939679
"745",745,497987.787215289,5654760.46939679
"746",746,498987.787215289,5654760.46939679
"747",747,499987.787215289,5654760.46939679
"748",748,500987.787215289,5654760.46939679
"749",749,501987.787215289,5654760.46939679
"750",750,502987.787215289,5654760.46939679
"751",751,503987.787215289,5654760.46939679
"752",752,504987.787215289,5654760.46939679
"753",753,505987.787215289,5654760.46939679
"754",754,506987.787215289,5654760.46939679
"755",755,507987.787215289,5654760.46939679
"756",756,508987.787215289,5654760.46939679
"757",757,509987.787215289,5654760.46939679
"758",758,510987.787215289,5654760.46939679
"759",759,511987.787215289,5654760.46939679
"760",760,512987.787215289,5654760.46939679
"761",761,513987.787215289,5654760.46939679
"762",762,514987.787215289,5654760.46939679
"763",763,515987.787215289,5654760.46939679
"764",764,516987.787215289,5654760.46939679
"765",765,517987.787215289,5654760.46939679
"766",766,518987.787215289,5654760.46939679
"767",767,519987.787215289,5654760.46939679
"768",768,520987.787215289,5654760.46939679
"769",769,521987.787215289,5654760.46939679
"770",770,522987.787215289,5654760.46939679
"771",771,488987.787215289,5655760.46939679
"772",772,489987.787215289,5655760.46939679
"773",773,490987.787215289,5655760.46939679
"774",774,491987.787215289,5655760.46939679
"775",775,492987.787215289,5655760.46939679
"776",776,493987.787215289,5655760.46939679
"777",777,494987.787215289,5655760.46939679
"778",778,495987.787215289,5655760.46939679
"779",779,496987.787215289,5655760.46939679
"780",780,497987.787215289,5655760.46939679
"781",781,498987.787215289,5655760.46939679
"782",782,499987.787215289,5655760.46939679
"783",783,500987.787215289,5655760.46939679
"784",784,501987.787215289,5655760.46939679
"785",785,502987.787215289,5655760.46939679
"786",786,503987.787215289,5655760.46939679
"787",787,504987.787215289,5655760.46939679
"788",788,505987.787215289,5655760.46939679
"789",789,506987.787215289,5655760.46939679
"790",790,507987.787215289,5655760.46939679
"791",791,508987.787215289,5655760.46939679
"792",792,509987.787215289,5655760.46939679
"793",793,510987.787215289,5655760.46939679
"794",794,511987.787215289,5655760.46939679
"795",795,512987.787215289,5655760.46939679
"796",796,513987.787215289,5655760.46939679
"797",797,514987.787215289,5655760.46939679
"798",798,515987.787215289,5655760.46939679
"799",799,516987.787215289,5655760.46939679
"800",800,517987.787215289,5655760.46939679
"801",801,518987.787215289,5655760.46939679
"802",802,519987.787215289,5655760.46939679
"803",803,520987.787215289,5655760.46939679
"804",804,521987.787215289,5655760.46939679
"805",805,522987.787215289,5655760.46939679
"806",806,488987.787215289,5656760.46939679
"807",807,489987.787215289,5656760.46939679
"808",808,490987.787215289,5656760.46939679
"809",809,491987.787215289,5656760.46939679
"810",810,492987.787215289,5656760.46939679
"811",811,493987.787215289,5656760.46939679
"812",812,494987.787215289,5656760.46939679
"813",813,495987.787215289,5656760.46939679
"814",814,496987.787215289,5656760.46939679
"815",815,497987.787215289,5656760.46939679
"816",816,498987.787215289,5656760.46939679
"817",817,499987.787215289,5656760.46939679
"818",818,500987.787215289,5656760.46939679
"819",819,501987.787215289,5656760.46939679
"820",820,502987.787215289,5656760.46939679
"821",821,503987.787215289,5656760.46939679
"822",822,504987.787215289,5656760.46939679
"823",823,505987.787215289,5656760.46939679
"824",824,506987.787215289,5656760.46939679
"825",825,507987.787215289,5656760.46939679
"826",826,508987.787215289,5656760.46939679
"827",827,509987.787215289,5656760.46939679
"828",828,510987.787215289,5656760.46939679
"829",829,511987.787215289,5656760.46939679
"830",830,512987.787215289,5656760.46939679
"831",831,513987.787215289,5656760.46939679
"832",832,514987.787215289,5656760.46939679
"833",833,515987.787215289,5656760.46939679
"834",834,516987.787215289,5656760.46939679
"835",835,517987.787215289,5656760.46939679
"836",836,518987.787215289,5656760.46939679
"837",837,519987.787215289,5656760.46939679
"838",838,520987.787215289,5656760.46939679
"839",839,521987.787215289,5656760.46939679
"840",840,522987.787215289,5656760.46939679
"841",841,488987.787215289,5657760.46939679
"842",842,489987.787215289,5657760.46939679
"843",843,490987.787215289,5657760.46939679
"844",844,491987.787215289,5657760.46939679
"845",845,492987.787215289,5657760.46939679
"846",846,493987.787215289,5657760.46939679
"847",847,494987.787215289,5657760.46939679
"848",848,495987.787215289,5657760.46939679
"849",849,496987.787215289,5657760.46939679
"850",850,497987.787215289,5657760.46939679
"851",851,498987.787215289,5657760.46939679
"852",852,499987.787215289,5657760.46939679
"853",853,500987.787215289,5657760.46939679
"854",854,501987.787215289,5657760.46939679
"855",855,502987.787215289,5657760.46939679
"856",856,503987.787215289,5657760.46939679
"857",857,504987.787215289,5657760.46939679
"858",858,505987.787215289,5657760.46939679
"859",859,506987.787215289,5657760.46939679
"860",860,507987.787215289,5657760.46939679
"861",861,508987.787215289,5657760.46939679
"862",862,509987.787215289,5657760.46939679
"863",863,510987.787215289,5657760.46939679
"864",864,511987.787215289,5657760.46939679
"865",865,512987.787215289,5657760.46939679
"866",866,513987.787215289,5657760.46939679
"867",867,514987.787215289,5657760.46939679
"868",868,515987.787215289,5657760.46939679
"869",869,516987.787215289,5657760.46939679
"870",870,517987.787215289,5657760.46939679
"871",871,518987.787215289,5657760.46939679
"872",872,519987.787215289,5657760.46939679
"873",873,520987.787215289,5657760.46939679
"874",874,521987.787215289,5657760.46939679
"875",875,522987.787215289,5657760.46939679
"876",876,488987.787215289,5658760.46939679
"877",877,489987.787215289,5658760.46939679
"878",878,490987.787215289,5658760.46939679
"879",879,491987.787215289,5658760.46939679
"880",880,492987.787215289,5658760.46939679
"881",881,493987.787215289,5658760.46939679
"882",882,494987.787215289,5658760.46939679
"883",883,495987.787215289,5658760.46939679
"884",884,496987.787215289,5658760.46939679
"885",885,497987.787215289,5658760.46939679
"886",886,498987.787215289,5658760.46939679
"887",887,499987.787215289,5658760.46939679
"888",888,500987.787215289,5658760.46939679
"889",889,501987.787215289,5658760.46939679
"890",890,502987.787215289,5658760.46939679
"891",891,503987.787215289,5658760.46939679
"892",892,504987.787215289,5658760.46939679
"893",893,505987.787215289,5658760.46939679
"894",894,506987.787215289,5658760.46939679
"895",895,507987.787215289,5658760.46939679
"896",896,508987.787215289,5658760.46939679
"897",897,509987.787215289,5658760.46939679
"898",898,510987.787215289,5658760.46939679
"899",899,511987.787215289,5658760.46939679
"900",900,512987.787215289,5658760.46939679
"901",901,513987.787215289,5658760.46939679
"902",902,514987.787215289,5658760.46939679
"903",903,515987.787215289,5658760.46939679
"904",904,516987.787215289,5658760.46939679
"905",905,517987.787215289,5658760.46939679
"906",906,518987.787215289,5658760.46939679
"907",907,519987.787215289,5658760.46939679
"908",908,520987.787215289,5658760.46939679
"909",909,521987.787215289,5658760.46939679
"910",910,522987.787215289,5658760.46939679
"911",911,488987.787215289,5659760.46939679
"912",912,489987.787215289,5659760.46939679
"913",913,490987.787215289,5659760.46939679
"914",914,491987.787215289,5659760.46939679
"915",915,492987.787215289,5659760.46939679
"916",916,493987.787215289,5659760.46939679
"917",917,494987.787215289,5659760.46939679
"918",918,495987.787215289,5659760.46939679
"919",919,496987.787215289,5659760.46939679
"920",920,497987.787215289,5659760.46939679
"921",921,498987.787215289,5659760.46939679
"922",922,499987.787215289,5659760.46939679
"923",923,500987.787215289,5659760.46939679
"924",924,501987.787215289,5659760.46939679
"925",925,502987.787215289,5659760.46939679
"926",926,503987.787215289,5659760.46939679
"927",927,504987.787215289,5659760.46939679
"928",928,505987.787215289,5659760.46939679
"929",929,506987.787215289,5659760.46939679
"930",930,507987.787215289,5659760.46939679
"931",931,508987.787215289,5659760.46939679
"932",932,509987.787215289,5659760.46939679
"933",933,510987.787215289,5659760.46939679
"934",934,511987.787215289,5659760.46939679
"935",935,512987.787215289,5659760.46939679
"936",936,513987.787215289,5659760.46939679
"937",937,514987.787215289,5659760.46939679
"938",938,515987.787215289,5659760.46939679
"939",939,516987.787215289,5659760.46939679
"940",940,517987.787215289,5659760.46939679
"941",941,518987.787215289,5659760.46939679
"942",942,519987.787215289,5659760.46939679
"943",943,520987.787215289,5659760.46939679
"944",944,521987.787215289,5659760.46939679
"945",945,522987.787215289,5659760.46939679
"946",946,488987.787215289,5660760.46939679
"947",947,489987.787215289,5660760.46939679
"948",948,490987.787215289,5660760.46939679
"949",949,491987.787215289,5660760.46939679
"950",950,492987.787215289,5660760.46939679
"951",951,493987.787215289,5660760.46939679
"952",952,494987.787215289,5660760.46939679
"953",953,495987.787215289,5660760.46939679
"954",954,496987.787215289,5660760.46939679
"955",955,497987.787215289,5660760.46939679
"956",956,498987.787215289,5660760.46939679
"957",957,499987.787215289,5660760.46939679
"958",958,500987.787215289,5660760.46939679
"959",959,501987.787215289,5660760.46939679
"960",960,502987.787215289,5660760.46939679
"961",961,503987.787215289,5660760.46939679
"962",962,504987.787215289,5660760.46939679
"963",963,505987.787215289,5660760.46939679
"964",964,506987.787215289,5660760.46939679
"965",965,507987.787215289,5660760.46939679
"966",966,508987.787215289,5660760.46939679
"967",967,509987.787215289,5660760.46939679
"968",968,510987.787215289,5660760.46939679
"969",969,511987.787215289,5660760.46939679
"970",970,512987.787215289,5660760.46939679
"971",971,513987.787215289,5660760.46939679
"972",972,514987.787215289,5660760.46939679
"973",973,515987.787215289,5660760.46939679
"974",974,516987.787215289,5660760.46939679
"975",975,517987.787215289,5660760.46939679
"976",976,518987.787215289,5660760.46939679
"977",977,519987.787215289,5660760.46939679
"978",978,520987.787215289,5660760.46939679
"979",979,521987.787215289,5660760.46939679
"980",980,522987.787215289,5660760.46939679
"981",981,488987.787215289,5661760.46939679
"982",982,489987.787215289,5661760.46939679
"983",983,490987.787215289,5661760.46939679
"984",984,491987.787215289,5661760.46939679
"985",985,492987.787215289,5661760.46939679
"986",986,493987.787215289,5661760.46939679
"987",987,494987.787215289,5661760.46939679
"988",988,495987.787215289,5661760.46939679
"989",989,496987.787215289,5661760.46939679
"990",990,497987.787215289,5661760.46939679
"991",991,498987.787215289,5661760.46939679
"992",992,499987.787215289,5661760.46939679
"993",993,500987.787215289,5661760.46939679
"994",994,501987.787215289,5661760.46939679
"995",995,502987.787215289,5661760.46939679
"996",996,503987.787215289,5661760.46939679
"997",997,504987.787215289,5661760.46939679
"998",998,505987.787215289,5661760.46939679
"999",999,506987.787215289,5661760.46939679
"1000",1000,507987.787215289,5661760.46939679
"1001",1001,508987.787215289,5661760.46939679
"1002",1002,509987.787215289,5661760.46939679
"1003",1003,510987.787215289,5661760.46939679
"1004",1004,511987.787215289,5661760.46939679
"1005",1005,512987.787215289,5661760.46939679
"1006",1006,513987.787215289,5661760.46939679
"1007",1007,514987.787215289,5661760.46939679
"1008",1008,515987.787215289,5661760.46939679
"1009",1009,516987.787215289,5661760.46939679
"1010",1010,517987.787215289,5661760.46939679
"1011",1011,518987.787215289,5661760.46939679
"1012",1012,519987.787215289,5661760.46939679
"1013",1013,520987.787215289,5661760.46939679
"1014",1014,521987.787215289,5661760.46939679
"1015",1015,522987.787215289,5661760.46939679
"1016",1016,488987.787215289,5662760.46939679
"1017",1017,489987.787215289,5662760.46939679
"1018",1018,490987.787215289,5662760.46939679
"1019",1019,491987.787215289,5662760.46939679
"1020",1020,492987.787215289,5662760.46939679
"1021",1021,493987.787215289,5662760.46939679
"1022",1022,494987.787215289,5662760.46939679
"1023",1023,495987.787215289,5662760.46939679
"1024",1024,496987.787215289,5662760.46939679
"1025",1025,497987.787215289,5662760.46939679
"1026",1026,498987.787215289,5662760.46939679
"1027",1027,499987.787215289,5662760.46939679
"1028",1028,500987.787215289,5662760.46939679
"1029",1029,501987.787215289,5662760.46939679
"1030",1030,502987.787215289,5662760.46939679
"1031",1031,503987.787215289,5662760.46939679
"1032",1032,504987.787215289,5662760.46939679
"1033",1033,505987.787215289,5662760.46939679
"1034",1034,506987.787215289,5662760.46939679
"1035",1035,507987.787215289,5662760.46939679
"1036",1036,508987.787215289,5662760.46939679
"1037",1037,509987.787215289,5662760.46939679
"1038",1038,510987.787215289,5662760.46939679
"1039",1039,511987.787215289,5662760.46939679
"1040",1040,512987.787215289,5662760.46939679
"1041",1041,513987.787215289,5662760.46939679
"1042",1042,514987.787215289,5662760.46939679
"1043",1043,515987.787215289,5662760.46939679
"1044",1044,516987.787215289,5662760.46939679
"1045",1045,517987.787215289,5662760.46939679
"1046",1046,518987.787215289,5662760.46939679
"1047",1047,519987.787215289,5662760.46939679
"1048",1048,520987.787215289,5662760.46939679
"1049",1049,521987.787215289,5662760.46939679
"1050",1050,522987.787215289,5662760.46939679
"1051",1051,488987.787215289,5663760.46939679
"1052",1052,489987.787215289,5663760.46939679
"1053",1053,490987.787215289,5663760.46939679
"1054",1054,491987.787215289,5663760.46939679
"1055",1055,492987.787215289,5663760.46939679
"1056",1056,493987.787215289,5663760.46939679
"1057",1057,494987.787215289,5663760.46939679
"1058",1058,495987.787215289,5663760.46939679
"1059",1059,496987.787215289,5663760.46939679
"1060",1060,497987.787215289,5663760.46939679
"1061",1061,498987.787215289,5663760.46939679
"1062",1062,499987.787215289,5663760.46939679
"1063",1063,500987.787215289,5663760.46939679
"1064",1064,501987.787215289,5663760.46939679
"1065",1065,502987.787215289,5663760.46939679
"1066",1066,503987.787215289,5663760.46939679
"1067",1067,504987.787215289,5663760.46939679
"1068",1068,505987.787215289,5663760.46939679
"1069",1069,506987.787215289,5663760.46939679
"1070",1070,507987.787215289,5663760.46939679
"1071",1071,508987.787215289,5663760.46939679
"1072",1072,509987.787215289,5663760.46939679
"1073",1073,510987.787215289,5663760.46939679
"1074",1074,511987.787215289,5663760.46939679
"1075",1075,512987.787215289,5663760.46939679
"1076",1076,513987.787215289,5663760.46939679
"1077",1077,514987.787215289,5663760.46939679
"1078",1078,515987.787215289,5663760.46939679
"1079",1079,516987.787215289,5663760.46939679
"1080",1080,517987.787215289,5663760.46939679
"1081",1081,518987.787215289,5663760.46939679
"1082",1082,519987.787215289,5663760.46939679
"1083",1083,520987.787215289,5663760.46939679
"1084",1084,521987.787215289,5663760.46939679
"1085",1085,522987.787215289,5663760.46939679
